INSERT INTO category (id, category) VALUES
(1, 'Biology'),
(2, 'Chemistry'),
(3, 'Art'),
(4, 'Music'),
(5, 'Mathematics');

INSERT INTO article (id, creation_date, title, text, category_id) VALUES
(1, '2013-09-07', 'Very Interesting Topic1', 'Lorem ipsum dolor sit amet, consectetur adipiscing elit. Quisque auctor, lectus eu porta aliquam, orci neque vulputate nisi, vel placerat nibh arcu eget lacus. Duis malesuada tristique suscipit. Mauris auctor, ipsum faucibus volutpat aliquet, ligula enim sollicitudin eros, vitae malesuada nisl turpis sed magna. Integer vitae ligula neque. Praesent magna orci, ultrices et odio vitae, congue egestas mi. Duis tincidunt, urna eu pulvinar tincidunt, dui velit facilisis leo, sed sagittis nulla arcu et urna. Nunc eu aliquam nibh, a efficitur nulla. Maecenas mauris sem, efficitur quis consectetur quis, ultrices ac justo. Duis quis vulputate nunc. Mauris felis eros, mattis sit amet tellus congue, tristique volutpat felis. Maecenas non hendrerit lorem, sit amet consequat urna. Ut aliquet nibh commodo diam condimentum ultricies. Ut sit amet mi faucibus, faucibus dui vel, consequat enim. Phasellus sed elementum quam. Vestibulum ante ante, tristique non eleifend eget, lobortis in sapien. Integer feugiat elit neque, vel.', 1),

(2, '2020-01-12', 'Very Interesting Topic2', 'Lorem ipsum dolor sit amet, consectetur adipiscing elit. Quisque auctor, lectus eu porta aliquam, orci neque vulputate nisi, vel placerat nibh arcu eget lacus. Duis malesuada tristique suscipit. Mauris auctor, ipsum faucibus volutpat aliquet, ligula enim sollicitudin eros, vitae malesuada nisl turpis sed magna. Integer vitae ligula neque. Praesent magna orci, ultrices et odio vitae, congue egestas mi. Duis tincidunt, urna eu pulvinar tincidunt, dui velit facilisis leo, sed sagittis nulla arcu et urna. Nunc eu aliquam nibh, a efficitur nulla. Maecenas mauris sem, efficitur quis consectetur quis, ultrices ac justo. Duis quis vulputate nunc. Mauris felis eros, mattis sit amet tellus congue, tristique volutpat felis. Maecenas non hendrerit lorem, sit amet consequat urna. Ut aliquet nibh commodo diam condimentum ultricies. Ut sit amet mi faucibus, faucibus dui vel, consequat enim. Phasellus sed elementum quam. Vestibulum ante ante, tristique non eleifend eget, lobortis in sapien. Integer feugiat elit neque, vel.' , 2),

(3, '2010-11-19', 'Very Interesting Topic3', 'Lorem ipsum dolor sit amet, consectetur adipiscing elit. Quisque auctor, lectus eu porta aliquam, orci neque vulputate nisi, vel placerat nibh arcu eget lacus. Duis malesuada tristique suscipit. Mauris auctor, ipsum faucibus volutpat aliquet, ligula enim sollicitudin eros, vitae malesuada nisl turpis sed magna. Integer vitae ligula neque. Praesent magna orci, ultrices et odio vitae, congue egestas mi. Duis tincidunt, urna eu pulvinar tincidunt, dui velit facilisis leo, sed sagittis nulla arcu et urna. Nunc eu aliquam nibh, a efficitur nulla. Maecenas mauris sem, efficitur quis consectetur quis, ultrices ac justo. Duis quis vulputate nunc. Mauris felis eros, mattis sit amet tellus congue, tristique volutpat felis. Maecenas non hendrerit lorem, sit amet consequat urna. Ut aliquet nibh commodo diam condimentum ultricies. Ut sit amet mi faucibus, faucibus dui vel, consequat enim. Phasellus sed elementum quam. Vestibulum ante ante, tristique non eleifend eget, lobortis in sapien. Integer feugiat elit neque, vel.', 5),

(4, '2011-12-01', 'Very Interesting Topic4', 'Lorem ipsum dolor sit amet, consectetur adipiscing elit. Quisque auctor, lectus eu porta aliquam, orci neque vulputate nisi, vel placerat nibh arcu eget lacus. Duis malesuada tristique suscipit. Mauris auctor, ipsum faucibus volutpat aliquet, ligula enim sollicitudin eros, vitae malesuada nisl turpis sed magna. Integer vitae ligula neque. Praesent magna orci, ultrices et odio vitae, congue egestas mi. Duis tincidunt, urna eu pulvinar tincidunt, dui velit facilisis leo, sed sagittis nulla arcu et urna. Nunc eu aliquam nibh, a efficitur nulla. Maecenas mauris sem, efficitur quis consectetur quis, ultrices ac justo. Duis quis vulputate nunc. Mauris felis eros, mattis sit amet tellus congue, tristique volutpat felis. Maecenas non hendrerit lorem, sit amet consequat urna. Ut aliquet nibh commodo diam condimentum ultricies. Ut sit amet mi faucibus, faucibus dui vel, consequat enim. Phasellus sed elementum quam. Vestibulum ante ante, tristique non eleifend eget, lobortis in sapien. Integer feugiat elit neque, vel.', 4),

(5, '2000-01-01', 'Very Interesting Topic5', 'Lorem ipsum dolor sit amet, consectetur adipiscing elit. Quisque auctor, lectus eu porta aliquam, orci neque vulputate nisi, vel placerat nibh arcu eget lacus. Duis malesuada tristique suscipit. Mauris auctor, ipsum faucibus volutpat aliquet, ligula enim sollicitudin eros, vitae malesuada nisl turpis sed magna. Integer vitae ligula neque. Praesent magna orci, ultrices et odio vitae, congue egestas mi. Duis tincidunt, urna eu pulvinar tincidunt, dui velit facilisis leo, sed sagittis nulla arcu et urna. Nunc eu aliquam nibh, a efficitur nulla. Maecenas mauris sem, efficitur quis consectetur quis, ultrices ac justo. Duis quis vulputate nunc. Mauris felis eros, mattis sit amet tellus congue, tristique volutpat felis. Maecenas non hendrerit lorem, sit amet consequat urna. Ut aliquet nibh commodo diam condimentum ultricies. Ut sit amet mi faucibus, faucibus dui vel, consequat enim. Phasellus sed elementum quam. Vestibulum ante ante, tristique non eleifend eget, lobortis in sapien. Integer feugiat elit neque, vel.', 5),

(6, '1910-04-04', 'Very Interesting Topic6', 'Lorem ipsum dolor sit amet, consectetur adipiscing elit. Quisque auctor, lectus eu porta aliquam, orci neque vulputate nisi, vel placerat nibh arcu eget lacus. Duis malesuada tristique suscipit. Mauris auctor, ipsum faucibus volutpat aliquet, ligula enim sollicitudin eros, vitae malesuada nisl turpis sed magna. Integer vitae ligula neque. Praesent magna orci, ultrices et odio vitae, congue egestas mi. Duis tincidunt, urna eu pulvinar tincidunt, dui velit facilisis leo, sed sagittis nulla arcu et urna. Nunc eu aliquam nibh, a efficitur nulla. Maecenas mauris sem, efficitur quis consectetur quis, ultrices ac justo. Duis quis vulputate nunc. Mauris felis eros, mattis sit amet tellus congue, tristique volutpat felis. Maecenas non hendrerit lorem, sit amet consequat urna. Ut aliquet nibh commodo diam condimentum ultricies. Ut sit amet mi faucibus, faucibus dui vel, consequat enim. Phasellus sed elementum quam. Vestibulum ante ante, tristique non eleifend eget, lobortis in sapien. Integer feugiat elit neque, vel.', 1),

(7, '1999-09-19', 'Very Interesting Topic7', 'Lorem ipsum dolor sit amet, consectetur adipiscing elit. Quisque auctor, lectus eu porta aliquam, orci neque vulputate nisi, vel placerat nibh arcu eget lacus. Duis malesuada tristique suscipit. Mauris auctor, ipsum faucibus volutpat aliquet, ligula enim sollicitudin eros, vitae malesuada nisl turpis sed magna. Integer vitae ligula neque. Praesent magna orci, ultrices et odio vitae, congue egestas mi. Duis tincidunt, urna eu pulvinar tincidunt, dui velit facilisis leo, sed sagittis nulla arcu et urna. Nunc eu aliquam nibh, a efficitur nulla. Maecenas mauris sem, efficitur quis consectetur quis, ultrices ac justo. Duis quis vulputate nunc. Mauris felis eros, mattis sit amet tellus congue, tristique volutpat felis. Maecenas non hendrerit lorem, sit amet consequat urna. Ut aliquet nibh commodo diam condimentum ultricies. Ut sit amet mi faucibus, faucibus dui vel, consequat enim. Phasellus sed elementum quam. Vestibulum ante ante, tristique non eleifend eget, lobortis in sapien. Integer feugiat elit neque, vel.', 2),

(8, '2019-02-16', 'Very Interesting Topic8', 'Lorem ipsum dolor sit amet, consectetur adipiscing elit. Quisque auctor, lectus eu porta aliquam, orci neque vulputate nisi, vel placerat nibh arcu eget lacus. Duis malesuada tristique suscipit. Mauris auctor, ipsum faucibus volutpat aliquet, ligula enim sollicitudin eros, vitae malesuada nisl turpis sed magna. Integer vitae ligula neque. Praesent magna orci, ultrices et odio vitae, congue egestas mi. Duis tincidunt, urna eu pulvinar tincidunt, dui velit facilisis leo, sed sagittis nulla arcu et urna. Nunc eu aliquam nibh, a efficitur nulla. Maecenas mauris sem, efficitur quis consectetur quis, ultrices ac justo. Duis quis vulputate nunc. Mauris felis eros, mattis sit amet tellus congue, tristique volutpat felis. Maecenas non hendrerit lorem, sit amet consequat urna. Ut aliquet nibh commodo diam condimentum ultricies. Ut sit amet mi faucibus, faucibus dui vel, consequat enim. Phasellus sed elementum quam. Vestibulum ante ante, tristique non eleifend eget, lobortis in sapien. Integer feugiat elit neque, vel.', 3),

(9, '1999-02-16', 'Very Interesting Topic9', 'Lorem ipsum dolor sit amet, consectetur adipiscing elit. Quisque auctor, lectus eu porta aliquam, orci neque vulputate nisi, vel placerat nibh arcu eget lacus. Duis malesuada tristique suscipit. Mauris auctor, ipsum faucibus volutpat aliquet, ligula enim sollicitudin eros, vitae malesuada nisl turpis sed magna. Integer vitae ligula neque. Praesent magna orci, ultrices et odio vitae, congue egestas mi. Duis tincidunt, urna eu pulvinar tincidunt, dui velit facilisis leo, sed sagittis nulla arcu et urna. Nunc eu aliquam nibh, a efficitur nulla. Maecenas mauris sem, efficitur quis consectetur quis, ultrices ac justo. Duis quis vulputate nunc. Mauris felis eros, mattis sit amet tellus congue, tristique volutpat felis. Maecenas non hendrerit lorem, sit amet consequat urna. Ut aliquet nibh commodo diam condimentum ultricies. Ut sit amet mi faucibus, faucibus dui vel, consequat enim. Phasellus sed elementum quam. Vestibulum ante ante, tristique non eleifend eget, lobortis in sapien. Integer feugiat elit neque, vel.', 4),

(10, '1910-04-04', 'Very Interesting Topic10', 'Lorem ipsum dolor sit amet, consectetur adipiscing elit. Quisque auctor, lectus eu porta aliquam, orci neque vulputate nisi, vel placerat nibh arcu eget lacus. Duis malesuada tristique suscipit. Mauris auctor, ipsum faucibus volutpat aliquet, ligula enim sollicitudin eros, vitae malesuada nisl turpis sed magna. Integer vitae ligula neque. Praesent magna orci, ultrices et odio vitae, congue egestas mi. Duis tincidunt, urna eu pulvinar tincidunt, dui velit facilisis leo, sed sagittis nulla arcu et urna. Nunc eu aliquam nibh, a efficitur nulla. Maecenas mauris sem, efficitur quis consectetur quis, ultrices ac justo. Duis quis vulputate nunc. Mauris felis eros, mattis sit amet tellus congue, tristique volutpat felis. Maecenas non hendrerit lorem, sit amet consequat urna. Ut aliquet nibh commodo diam condimentum ultricies. Ut sit amet mi faucibus, faucibus dui vel, consequat enim. Phasellus sed elementum quam. Vestibulum ante ante, tristique non eleifend eget, lobortis in sapien. Integer feugiat elit neque, vel.', 5),

(11, '1999-09-19', 'Very Interesting Topic11', 'Lorem ipsum dolor sit amet, consectetur adipiscing elit. Quisque auctor, lectus eu porta aliquam, orci neque vulputate nisi, vel placerat nibh arcu eget lacus. Duis malesuada tristique suscipit. Mauris auctor, ipsum faucibus volutpat aliquet, ligula enim sollicitudin eros, vitae malesuada nisl turpis sed magna. Integer vitae ligula neque. Praesent magna orci, ultrices et odio vitae, congue egestas mi. Duis tincidunt, urna eu pulvinar tincidunt, dui velit facilisis leo, sed sagittis nulla arcu et urna. Nunc eu aliquam nibh, a efficitur nulla. Maecenas mauris sem, efficitur quis consectetur quis, ultrices ac justo. Duis quis vulputate nunc. Mauris felis eros, mattis sit amet tellus congue, tristique volutpat felis. Maecenas non hendrerit lorem, sit amet consequat urna. Ut aliquet nibh commodo diam condimentum ultricies. Ut sit amet mi faucibus, faucibus dui vel, consequat enim. Phasellus sed elementum quam. Vestibulum ante ante, tristique non eleifend eget, lobortis in sapien. Integer feugiat elit neque, vel.', 1),

(12, '2019-02-16', 'Very Interesting Topic12', 'Lorem ipsum dolor sit amet, consectetur adipiscing elit. Quisque auctor, lectus eu porta aliquam, orci neque vulputate nisi, vel placerat nibh arcu eget lacus. Duis malesuada tristique suscipit. Mauris auctor, ipsum faucibus volutpat aliquet, ligula enim sollicitudin eros, vitae malesuada nisl turpis sed magna. Integer vitae ligula neque. Praesent magna orci, ultrices et odio vitae, congue egestas mi. Duis tincidunt, urna eu pulvinar tincidunt, dui velit facilisis leo, sed sagittis nulla arcu et urna. Nunc eu aliquam nibh, a efficitur nulla. Maecenas mauris sem, efficitur quis consectetur quis, ultrices ac justo. Duis quis vulputate nunc. Mauris felis eros, mattis sit amet tellus congue, tristique volutpat felis. Maecenas non hendrerit lorem, sit amet consequat urna. Ut aliquet nibh commodo diam condimentum ultricies. Ut sit amet mi faucibus, faucibus dui vel, consequat enim. Phasellus sed elementum quam. Vestibulum ante ante, tristique non eleifend eget, lobortis in sapien. Integer feugiat elit neque, vel.', 2),

(13, '1910-04-04', 'Very Interesting Topic13', 'Lorem ipsum dolor sit amet, consectetur adipiscing elit. Quisque auctor, lectus eu porta aliquam, orci neque vulputate nisi, vel placerat nibh arcu eget lacus. Duis malesuada tristique suscipit. Mauris auctor, ipsum faucibus volutpat aliquet, ligula enim sollicitudin eros, vitae malesuada nisl turpis sed magna. Integer vitae ligula neque. Praesent magna orci, ultrices et odio vitae, congue egestas mi. Duis tincidunt, urna eu pulvinar tincidunt, dui velit facilisis leo, sed sagittis nulla arcu et urna. Nunc eu aliquam nibh, a efficitur nulla. Maecenas mauris sem, efficitur quis consectetur quis, ultrices ac justo. Duis quis vulputate nunc. Mauris felis eros, mattis sit amet tellus congue, tristique volutpat felis. Maecenas non hendrerit lorem, sit amet consequat urna. Ut aliquet nibh commodo diam condimentum ultricies. Ut sit amet mi faucibus, faucibus dui vel, consequat enim. Phasellus sed elementum quam. Vestibulum ante ante, tristique non eleifend eget, lobortis in sapien. Integer feugiat elit neque, vel.', 3),

(14, '1999-09-19', 'Very Interesting Topic14', 'Lorem ipsum dolor sit amet, consectetur adipiscing elit. Quisque auctor, lectus eu porta aliquam, orci neque vulputate nisi, vel placerat nibh arcu eget lacus. Duis malesuada tristique suscipit. Mauris auctor, ipsum faucibus volutpat aliquet, ligula enim sollicitudin eros, vitae malesuada nisl turpis sed magna. Integer vitae ligula neque. Praesent magna orci, ultrices et odio vitae, congue egestas mi. Duis tincidunt, urna eu pulvinar tincidunt, dui velit facilisis leo, sed sagittis nulla arcu et urna. Nunc eu aliquam nibh, a efficitur nulla. Maecenas mauris sem, efficitur quis consectetur quis, ultrices ac justo. Duis quis vulputate nunc. Mauris felis eros, mattis sit amet tellus congue, tristique volutpat felis. Maecenas non hendrerit lorem, sit amet consequat urna. Ut aliquet nibh commodo diam condimentum ultricies. Ut sit amet mi faucibus, faucibus dui vel, consequat enim. Phasellus sed elementum quam. Vestibulum ante ante, tristique non eleifend eget, lobortis in sapien. Integer feugiat elit neque, vel.', 4),

(15, '2019-02-16', 'Very Interesting Topic185' ,'Lorem ipsum dolor sit amet, consectetur adipiscing elit. Quisque auctor, lectus eu porta aliquam, orci neque vulputate nisi, vel placerat nibh arcu eget lacus. Duis malesuada tristique suscipit. Mauris auctor, ipsum faucibus volutpat aliquet, ligula enim sollicitudin eros, vitae malesuada nisl turpis sed magna. Integer vitae ligula neque. Praesent magna orci, ultrices et odio vitae, congue egestas mi. Duis tncidunt, urna eu pulvinar tincidunt, dui velit facilisis leo, sed sagittis nulla arcu et urna. Nunc eu aliquam nibh, a efficitur nulla. Maecenas mauris sem, efficitur quis consectetur quis, ultrices ac justo. Duis quis vulputate nunc. Mauris felis eros, mattis sit amet tellus congue, tristique volutpat felis. Maecenas non hendrerit lorem, sit amet consequat urna. Ut aliquet nibh commodo diam condimentum ultricies. Ut sit amet mi faucibus, faucibus dui vel, consequat enim. Phasellus sed elementum quam. Vestibulum ante ante, tristique non eleifend eget, lobortis in sapien. Integer feugiat elit neque, vel.', 5),

(16, '1910-04-04', 'Very Interesting Topic16','Lorem ipsum dolor sit amet, consectetur adipiscing elit. Quisque auctor, lectus eu porta aliquam, orci neque vulputate nisi, vel placerat nibh arcu eget lacus. Duis malesuada tristique suscipit. Mauris auctor, ipsum faucibus volutpat aliquet, ligula enim sollicitudin eros, vitae malesuada nisl turpis sed magna. Integer vitae ligula neque. Praesent magna orci, ultrices et odio vitae, congue egestas mi. Duis tincidunt, urna eu pulvinar tincidunt, dui velit facilisis leo, sed sagittis nulla arcu et urna. Nunc eu aliquam nibh, a efficitur nulla. Maecenas mauris sem, efficitur quis consectetur quis, ultrices ac justo. Duis quis vulputate nunc. Mauris felis eros, mattis sit amet tellus congue, tristique volutpat felis. Maecenas non hendrerit lorem, sit amet consequat urna. Ut aliquet nibh commodo diam condimentum ultricies. Ut sit amet mi faucibus, faucibus dui vel, consequat enim. Phasellus sed elementum quam. Vestibulum ante ante, tristique non eleifend eget, lobortis in sapien. Integer feugiat elit neque, vel.', 1),

(17, '1999-09-19', 'Very Interesting Topic17', 'Lorem ipsum dolor sit amet, consectetur adipiscing elit. Quisque auctor, lectus eu porta aliquam, orci neque vulputate nisi, vel placerat nibh arcu eget lacus. Duis malesuada tristique suscipit. Mauris auctor, ipsum faucibus volutpat aliquet, ligula enim sollicitudin eros, vitae malesuada nisl turpis sed magna. Integer vitae ligula neque. Praesent magna orci, ultrices et odio vitae, congue egestas mi. Duis tincidunt, urna eu pulvinar tincidunt, dui velit facilisis leo, sed sagittis nulla arcu et urna. Nunc eu aliquam nibh, a efficitur nulla. Maecenas mauris sem, efficitur quis consectetur quis, ultrices ac justo. Duis quis vulputate nunc. Mauris felis eros, mattis sit amet tellus congue, tristique volutpat felis. Maecenas non hendrerit lorem, sit amet consequat urna. Ut aliquet nibh commodo diam condimentum ultricies. Ut sit amet mi faucibus, faucibus dui vel, consequat enim. Phasellus sed elementum quam. Vestibulum ante ante, tristique non eleifend eget, lobortis in sapien. Integer feugiat elit neque, vel.', 2),

(18, '2019-02-16', 'Very Interesting Topic18', 'Lorem ipsum dolor sit amet, consectetur adipiscing elit. Quisque auctor, lectus eu porta aliquam, orci neque vulputate nisi, vel placerat nibh arcu eget lacus. Duis malesuada tristique suscipit. Mauris auctor, ipsum faucibus volutpat aliquet, ligula enim sollicitudin eros, vitae malesuada nisl turpis sed magna. Integer vitae ligula neque. Praesent magna orci, ultrices et odio vitae, congue egestas mi. Duis tincidunt, urna eu pulvinar tincidunt, dui velit facilisis leo, sed sagittis nulla arcu et urna. Nunc eu aliquam nibh, a efficitur nulla. Maecenas mauris sem, efficitur quis consectetur quis, ultrices ac justo. Duis quis vulputate nunc. Mauris felis eros, mattis sit amet tellus congue, tristique volutpat felis. Maecenas non hendrerit lorem, sit amet consequat urna. Ut aliquet nibh commodo diam condimentum ultricies. Ut sit amet mi faucibus, faucibus dui vel, consequat enim. Phasellus sed elementum quam. Vestibulum ante ante, tristique non eleifend eget, lobortis in sapien. Integer feugiat elit neque, vel.', 3),

(19, '2019-02-16', 'Very Interesting Topic18', 'Lorem ipsum dolor sit amet, consectetur adipiscing elit. Quisque auctor, lectus eu porta aliquam, orci neque vulputate nisi, vel placerat nibh arcu eget lacus. Duis malesuada tristique suscipit. Mauris auctor, ipsum faucibus volutpat aliquet, ligula enim sollicitudin eros, vitae malesuada nisl turpis sed magna. Integer vitae ligula neque. Praesent magna orci, ultrices et odio vitae, congue egestas mi. Duis tincidunt, urna eu pulvinar tincidunt, dui velit facilisis leo, sed sagittis nulla arcu et urna. Nunc eu aliquam nibh, a efficitur nulla. Maecenas mauris sem, efficitur quis consectetur quis, ultrices ac justo. Duis quis vulputate nunc. Mauris felis eros, mattis sit amet tellus congue, tristique volutpat felis. Maecenas non hendrerit lorem, sit amet consequat urna. Ut aliquet nibh commodo diam condimentum ultricies. Ut sit amet mi faucibus, faucibus dui vel, consequat enim. Phasellus sed elementum quam. Vestibulum ante ante, tristique non eleifend eget, lobortis in sapien. Integer feugiat elit neque, vel.', 3),

(20, '2019-02-16', 'Very Interesting Topic18', 'Lorem ipsum dolor sit amet, consectetur adipiscing elit. Quisque auctor, lectus eu porta aliquam, orci neque vulputate nisi, vel placerat nibh arcu eget lacus. Duis malesuada tristique suscipit. Mauris auctor, ipsum faucibus volutpat aliquet, ligula enim sollicitudin eros, vitae malesuada nisl turpis sed magna. Integer vitae ligula neque. Praesent magna orci, ultrices et odio vitae, congue egestas mi. Duis tincidunt, urna eu pulvinar tincidunt, dui velit facilisis leo, sed sagittis nulla arcu et urna. Nunc eu aliquam nibh, a efficitur nulla. Maecenas mauris sem, efficitur quis consectetur quis, ultrices ac justo. Duis quis vulputate nunc. Mauris felis eros, mattis sit amet tellus congue, tristique volutpat felis. Maecenas non hendrerit lorem, sit amet consequat urna. Ut aliquet nibh commodo diam condimentum ultricies. Ut sit amet mi faucibus, faucibus dui vel, consequat enim. Phasellus sed elementum quam. Vestibulum ante ante, tristique non eleifend eget, lobortis in sapien. Integer feugiat elit neque, vel.', 4);



INSERT INTO COMMENT (id, posted_date, comment_text, article_id) VALUES
(1, '1994-10-22', 'Nicely Writen!', 1),
(2, '2002-06-11', 'Hate!', 1),
(3, '2020-12-12', 'I would like to hear more information!', 1),
(4, '1614-01-01', 'I did not read and I still rated it as a disinformation 5G RULES!', 2);

INSERT INTO USER (id, password, username) VALUES
(1, '{bcrypt}$2y$12$WL2JkfM0YPHgFKAuiC/ejuoAFQFlw7pHWYCpVtgqFISzpjfYMuyo6', 'user'),
(2, '{bcrypt}$2y$12$WL2JkfM0YPHgFKAuiC/ejuoAFQFlw7pHWYCpVtgqFISzpjfYMuyo6', 'admin');

INSERT INTO ROLE (id, role_name) VALUES
(1, 'USER'),
(2, 'ADMIN');

INSERT INTO USER_ROLES (user_id, role_id) VALUES
(1, 1),
(2, 2),
(2, 1);
